Trial number,testcase,baseline_alarm,baseline_crash_result,baseline_health_result,baseline_recovery_result,baseline_state_result,baseline_custom_result
compare-results-050cdfd5d958858a52481f4d4c19cad1.json,,True,Pass,Pass,"{'dictionary_item_removed': [""root['daemonset_pods']['test-cluster']"", ""root['daemon_set']['test-cluster']""]}",Pass,Pass
compare-results-311129430abcb8b8b9e4f8d2481ef16a.json,,True,Pass,Pass,"{'dictionary_item_removed': [""root['daemonset_pods']['test-cluster']"", ""root['daemon_set']['test-cluster']""]}",Pass,Pass
compare-results-401f10bf8d428fd46d5690eabc7e2dcb.json,,True,Pass,Pass,"{'dictionary_item_removed': [""root['daemonset_pods']['test-cluster']"", ""root['daemon_set']['test-cluster']""]}",Pass,Pass
compare-results-6ef9bdccce894838f0819fb076675b2c.json,,True,Pass,Pass,"{'dictionary_item_removed': [""root['daemonset_pods']['test-cluster']"", ""root['daemon_set']['test-cluster']""]}",Pass,Pass
compare-results-882027170f3060f3e87135cee4f3415c.json,,True,Pass,Pass,"{'dictionary_item_removed': [""root['daemonset_pods']['test-cluster']"", ""root['daemon_set']['test-cluster']""]}",Pass,Pass
compare-results-9af6306b5c7ec09055f5518efdf1d317.json,,True,Pass,Pass,"{'dictionary_item_removed': [""root['daemonset_pods']['test-cluster']"", ""root['daemon_set']['test-cluster']""]}",Pass,Pass
compare-results-b5e83917c6618bfd617e0f46788dc24e.json,,True,Pass,Pass,"{'dictionary_item_removed': [""root['daemonset_pods']['test-cluster']"", ""root['daemon_set']['test-cluster']""]}",Pass,Pass
compare-results-c48743cf1c0fd646ea221fd19ecb2ee4.json,,True,Pass,Pass,"{'dictionary_item_removed': [""root['daemonset_pods']['test-cluster']"", ""root['daemon_set']['test-cluster']""]}",Pass,Pass
trial-00-0000,"{'field': '', 'testcase': 'revert'}",False,Pass,Pass,Pass,Pass,Pass
trial-00-0000,"{'field': '[""spec"", ""image""]', 'testcase': 'string-deletion'}",False,Pass,Pass,Pass,Pass,Pass
trial-00-0000,"{'field': '[""spec"", ""resources"", ""claims""]', 'testcase': 'array-deletion'}",False,Pass,Pass,Pass,Pass,Pass
trial-00-0000,"{'field': '[""spec"", ""resources"", ""claims""]', 'testcase': 'array-deletion'}",False,Pass,Pass,Pass,Pass,Pass
trial-00-0000,,False,Pass,Pass,Pass,Pass,Pass
trial-00-0000,"{'field': '[""spec"", ""image""]', 'testcase': 'string-change'}",True,Pass,daemon_set: test-cluster desired_number_scheduled [4] number_ready [3],Pass,Pass,Pass
trial-00-0000,"{'field': '[""spec"", ""resources"", ""claims""]', 'testcase': 'array-push'}",False,Pass,Pass,Pass,Pass,Pass
trial-00-0000,"{'field': '[""spec"", ""resources"", ""claims""]', 'testcase': 'array-pop'}",False,Pass,Pass,Pass,Pass,Pass
trial-00-0001,"{'field': '[""spec"", ""image""]', 'testcase': 'string-empty'}",False,Pass,Pass,Pass,Pass,Pass
trial-00-0001,"{'field': '', 'testcase': 'revert'}",False,Pass,Pass,Pass,Pass,Pass
trial-00-0001,"{'field': '[""spec"", ""volumeMounts"", 0, ""subPath""]', 'testcase': 'string-empty'}",False,Pass,Pass,Pass,Pass,Pass
trial-00-0001,"{'field': '[""spec"", ""volumeMounts"", 0, ""subPath""]', 'testcase': 'string-deletion'}",False,Pass,Pass,Pass,Pass,Pass
trial-00-0001,"{'field': '', 'testcase': 'revert'}",False,Pass,Pass,Pass,Pass,Pass
trial-00-0001,"{'field': '', 'testcase': 'revert'}",False,Pass,Pass,Pass,Pass,Pass
trial-00-0001,"{'field': '[""spec"", ""volumeMounts"", 0, ""subPath""]', 'testcase': 'string-change'}",False,Pass,Pass,Pass,Pass,Pass
trial-00-0001,,False,Pass,Pass,Pass,Pass,Pass
trial-00-0001,"{'field': '', 'testcase': 'revert'}",False,Pass,Pass,Pass,Pass,Pass
trial-00-0002,"{'field': '[""spec"", ""volumeMounts"", 0, ""subPathExpr""]', 'testcase': 'string-change'}",False,Pass,Pass,Pass,Pass,Pass
trial-00-0002,,False,Pass,Pass,Pass,Pass,Pass
trial-00-0002,"{'field': '', 'testcase': 'revert'}",False,Pass,Pass,Pass,Pass,Pass
trial-00-0002,"{'field': '', 'testcase': 'revert'}",False,Pass,Pass,Pass,Pass,Pass
trial-00-0002,"{'field': '[""spec"", ""initContainers"", 0]', 'testcase': 'object-deletion'}",False,Pass,Pass,Pass,Pass,Pass
trial-00-0002,"{'field': '', 'testcase': 'revert'}",False,Pass,Pass,Pass,Pass,Pass
trial-00-0002,"{'field': '[""spec"", ""volumeMounts"", 0, ""subPathExpr""]', 'testcase': 'string-deletion'}",False,Pass,Pass,Pass,Pass,Pass
trial-00-0002,"{'field': '', 'testcase': 'revert'}",False,Pass,Pass,Pass,Pass,Pass
trial-00-0002,"{'field': '[""spec"", ""resources"", ""limits""]', 'testcase': 'object-empty'}",False,Pass,Pass,Pass,Pass,Pass
trial-00-0003,"{'field': '', 'testcase': 'revert'}",False,Pass,Pass,Pass,Pass,Pass
trial-00-0003,"{'field': '[""spec"", ""serviceAccountAnnotations"", ""ACTOKEY""]', 'testcase': 'string-deletion'}",False,Pass,Pass,Pass,Pass,Pass
trial-00-0003,"{'field': '[""spec"", ""positionDB""]', 'testcase': 'object-deletion'}",False,Pass,Pass,Pass,Pass,Pass
trial-00-0003,"{'field': '[""spec"", ""volumeMounts"", 0, ""subPathExpr""]', 'testcase': 'string-empty'}",False,Pass,Pass,Pass,Pass,Pass
trial-00-0003,"{'field': '', 'testcase': 'revert'}",False,Pass,Pass,Pass,Pass,Pass
trial-00-0003,"{'field': '[""spec"", ""serviceAccountAnnotations"", ""ACTOKEY""]', 'testcase': 'string-change'}",False,Pass,Pass,Pass,Pass,Pass
trial-00-0003,,False,Pass,Pass,Pass,Pass,Pass
trial-00-0003,"{'field': '[""spec"", ""serviceAccountAnnotations"", ""ACTOKEY""]', 'testcase': 'string-empty'}",False,Pass,Pass,Pass,Pass,Pass
trial-00-0003,"{'field': '[""spec"", ""serviceAccountAnnotations"", ""ACTOKEY""]', 'testcase': 'string-deletion'}",False,Pass,Pass,Pass,Pass,Pass
trial-00-0004,"{'field': '', 'testcase': 'revert'}",False,Pass,Pass,Pass,Pass,Pass
trial-00-0004,"{'field': '', 'testcase': 'revert'}",False,Pass,Pass,Pass,Pass,Pass
trial-00-0004,"{'field': '', 'testcase': 'revert'}",False,Pass,Pass,Pass,Pass,Pass
trial-00-0004,"{'field': '[""spec"", ""ports"", 0, ""containerPort""]', 'testcase': 'number-deletion'}",False,Pass,Pass,Pass,Pass,Pass
trial-00-0004,"{'field': '[""spec"", ""internalMountPropagation""]', 'testcase': 'string-change'}",False,Pass,Pass,Pass,Pass,Pass
trial-00-0004,"{'field': '[""spec"", ""ports"", 0, ""containerPort""]', 'testcase': 'number-change'}",False,Pass,Pass,Pass,Pass,Pass
trial-00-0004,"{'field': '[""spec"", ""internalMountPropagation""]', 'testcase': 'string-empty'}",False,Pass,Pass,Pass,Pass,Pass
trial-00-0004,"{'field': '', 'testcase': 'revert'}",False,Pass,Pass,Pass,Pass,Pass
trial-00-0004,,False,Pass,Pass,Pass,Pass,Pass
trial-00-0004,"{'field': '[""spec"", ""internalMountPropagation""]', 'testcase': 'string-deletion'}",False,Pass,Pass,Pass,Pass,Pass
trial-00-0004,"{'field': '', 'testcase': 'revert'}",False,Pass,Pass,Pass,Pass,Pass
trial-00-0005,,False,Pass,Pass,Pass,Pass,Pass
trial-00-0005,"{'field': '[""spec"", ""metricsPort""]', 'testcase': 'number-deletion'}",False,Pass,Pass,Pass,Pass,Pass
trial-00-0005,"{'field': '[""spec"", ""serviceSelector"", ""ACTOKEY""]', 'testcase': 'string-empty'}",False,Pass,Pass,Pass,Pass,Pass
trial-00-0005,"{'field': '[""spec"", ""metricsPort""]', 'testcase': 'number-change'}",False,Pass,Pass,Pass,Pass,Pass
trial-00-0005,"{'field': '', 'testcase': 'revert'}",False,Pass,Pass,Pass,Pass,Pass
trial-00-0005,"{'field': '[""spec"", ""serviceSelector"", ""ACTOKEY""]', 'testcase': 'string-deletion'}",False,Pass,Pass,Pass,Pass,Pass
trial-00-0005,"{'field': '[""spec"", ""serviceSelector"", ""ACTOKEY""]', 'testcase': 'string-deletion'}",False,Pass,Pass,Pass,Pass,Pass
trial-00-0005,"{'field': '[""spec"", ""metricsPort""]', 'testcase': 'number-deletion'}",False,Pass,Pass,Pass,Pass,Pass
trial-00-0005,"{'field': '[""spec"", ""serviceSelector"", ""ACTOKEY""]', 'testcase': 'string-change'}",False,Pass,Pass,Pass,Pass,Pass
trial-01-0000,,False,Pass,Pass,Pass,Pass,Pass
trial-01-0000,"{'field': '[""spec"", ""command""]', 'testcase': 'array-deletion'}",True,Pass,daemon_set: test-cluster desired_number_scheduled [4] number_ready [3],Pass,Pass,Pass
trial-01-0001,,False,Pass,Pass,Pass,Pass,Pass
trial-01-0001,"{'field': '[""spec"", ""command""]', 'testcase': 'array-push'}",True,Pass,daemon_set: test-cluster desired_number_scheduled [4] number_ready [3],Pass,Pass,Pass
trial-01-0002,,False,Pass,Pass,Pass,Pass,Pass
trial-01-0002,"{'field': '[""spec"", ""command""]', 'testcase': 'array-pop'}",True,Pass,daemon_set: test-cluster desired_number_scheduled [4] number_ready [3],Pass,Pass,Pass
trial-01-0003,,False,Pass,Pass,Pass,Pass,Pass
trial-01-0003,"{'field': '', 'testcase': 'revert'}",False,Pass,Pass,Pass,Pass,Pass
trial-01-0003,"{'field': '[""spec"", ""readinessProbe""]', 'testcase': 'object-deletion'}",False,Pass,Pass,Pass,Pass,Pass
trial-01-0003,"{'field': '[""spec"", ""command""]', 'testcase': 'array-empty'}",False,Pass,Pass,Pass,Pass,Pass
trial-01-0003,"{'field': '[""spec"", ""readinessProbe""]', 'testcase': 'object-empty'}",False,Pass,Pass,Pass,Pass,Pass
trial-01-0003,"{'field': '', 'testcase': 'revert'}",False,Pass,Pass,Pass,Pass,Pass
trial-01-0003,"{'field': '[""spec"", ""volumes""]', 'testcase': 'array-empty'}",False,Pass,Pass,Pass,Pass,Pass
trial-01-0003,"{'field': '', 'testcase': 'revert'}",False,Pass,Pass,Pass,Pass,Pass
trial-01-0004,,False,Pass,Pass,Pass,Pass,Pass
trial-01-0004,"{'field': '[""spec"", ""securityContext""]', 'testcase': 'object-deletion'}",False,Pass,Pass,Pass,Pass,Pass
trial-01-0004,"{'field': '[""spec"", ""volumeMounts""]', 'testcase': 'array-push'}",False,Pass,Pass,Pass,Pass,Pass
trial-01-0004,"{'field': '[""spec"", ""imagePullSecrets"", 0, ""name""]', 'testcase': 'string-deletion'}",False,Pass,Pass,Pass,Pass,Pass
trial-01-0004,"{'field': '[""spec"", ""imagePullSecrets"", 0, ""name""]', 'testcase': 'string-deletion'}",False,Pass,Pass,Pass,Pass,Pass
trial-01-0004,"{'field': '[""spec"", ""volumeMounts""]', 'testcase': 'array-push'}",False,Pass,Pass,Pass,Pass,Pass
trial-01-0004,"{'field': '', 'testcase': 'revert'}",False,Pass,Pass,Pass,Pass,Pass
trial-01-0004,"{'field': '[""spec"", ""securityContext""]', 'testcase': 'object-deletion'}",False,Pass,Pass,Pass,Pass,Pass
trial-01-0004,"{'field': '[""spec"", ""imagePullSecrets"", 0, ""name""]', 'testcase': 'string-change'}",False,Pass,Pass,Pass,Pass,Pass
trial-01-0004,"{'field': '[""spec"", ""imagePullSecrets"", 0, ""name""]', 'testcase': 'string-empty'}",False,Pass,Pass,Pass,Pass,Pass
trial-01-0004,"{'field': '', 'testcase': 'revert'}",False,Pass,Pass,Pass,Pass,Pass
trial-01-0005,"{'field': '', 'testcase': 'revert'}",False,Pass,Pass,Pass,Pass,Pass
trial-01-0005,,False,Pass,Pass,Pass,Pass,Pass
trial-01-0005,"{'field': '[""spec"", ""volumeMounts""]', 'testcase': 'array-pop'}",False,Pass,Pass,Pass,Pass,Pass
trial-01-0005,"{'field': '[""spec"", ""volumeMounts""]', 'testcase': 'array-empty'}",False,Pass,Pass,Pass,Pass,Pass
trial-01-0006,,False,Pass,Pass,Pass,Pass,Pass
trial-01-0006,"{'field': '', 'testcase': 'revert'}",False,Pass,Pass,Pass,Pass,Pass
trial-01-0006,"{'field': '[""spec"", ""fluentBitConfigName""]', 'testcase': 'string-deletion'}",False,Pass,Pass,Pass,Pass,Pass
trial-01-0006,"{'field': '[""spec"", ""resources""]', 'testcase': 'object-empty'}",False,Pass,Pass,Pass,Pass,Pass
trial-01-0006,"{'field': '', 'testcase': 'revert'}",False,Pass,Pass,Pass,Pass,Pass
trial-01-0006,"{'field': '[""spec"", ""resources""]', 'testcase': 'object-deletion'}",True,Pass,Pass,Pass,"['spec', 'resources', 'limits', 'ACTOKEY']",Pass
trial-01-0006,"{'field': '', 'testcase': 'revert'}",False,Pass,Pass,Pass,Pass,Pass
trial-01-0006,"{'field': '', 'testcase': 'revert'}",False,Pass,Pass,Pass,Pass,Pass
trial-01-0006,"{'field': '[""spec"", ""fluentBitConfigName""]', 'testcase': 'string-empty'}",False,Pass,Pass,Pass,Pass,Pass
trial-01-0006,"{'field': '[""spec"", ""fluentBitConfigName""]', 'testcase': 'string-change'}",False,Pass,Pass,Pass,Pass,Pass
trial-01-0007,,False,Pass,Pass,Pass,Pass,Pass
trial-01-0007,"{'field': '[""spec"", ""priorityClassName""]', 'testcase': 'string-deletion'}",True,Pass,daemon_set: test-cluster desired_number_scheduled [4] number_ready [3],Pass,Pass,Pass
trial-01-0008,"{'field': '[""spec"", ""priorityClassName""]', 'testcase': 'string-change'}",True,Pass,daemon_set: test-cluster desired_number_scheduled [4] number_ready [3],Pass,Pass,Pass
trial-01-0008,,False,Pass,Pass,Pass,Pass,Pass
trial-01-0009,"{'field': '', 'testcase': 'revert'}",False,Pass,Pass,Pass,Pass,Pass
trial-01-0009,"{'field': '', 'testcase': 'revert'}",False,Pass,Pass,Pass,Pass,Pass
trial-01-0009,,False,Pass,Pass,Pass,Pass,Pass
trial-01-0009,"{'field': '', 'testcase': 'revert'}",False,Pass,Pass,Pass,Pass,Pass
trial-02-0000,"{'field': '[""spec"", ""hostNetwork""]', 'testcase': 'boolean-deletion'}",False,Pass,Pass,Pass,Pass,Pass
trial-02-0000,"{'field': '[""spec"", ""hostNetwork""]', 'testcase': 'boolean-toggle-off'}",False,Pass,Pass,Pass,Pass,Pass
trial-02-0000,"{'field': '', 'testcase': 'revert'}",False,Pass,Pass,Pass,Pass,Pass
trial-02-0000,"{'field': '[""spec"", ""dnsPolicy""]', 'testcase': 'string-change'}",False,Pass,Pass,Pass,Pass,Pass
trial-02-0000,"{'field': '[""spec"", ""hostNetwork""]', 'testcase': 'boolean-deletion'}",False,Pass,Pass,Pass,Pass,Pass
trial-02-0000,"{'field': '[""spec"", ""hostNetwork""]', 'testcase': 'boolean-toggle-off'}",False,Pass,Pass,Pass,Pass,Pass
trial-02-0000,"{'field': '', 'testcase': 'revert'}",False,Pass,Pass,Pass,Pass,Pass
trial-02-0000,,False,Pass,Pass,Pass,Pass,Pass
trial-02-0000,"{'field': '[""spec"", ""dnsPolicy""]', 'testcase': 'string-deletion'}",False,Pass,Pass,Pass,Pass,Pass
trial-02-0000,"{'field': '', 'testcase': 'revert'}",False,Pass,Pass,Pass,Pass,Pass
trial-02-0001,"{'field': '[""spec"", ""ports"", 0, ""name""]', 'testcase': 'string-empty'}",False,Pass,Pass,Pass,Pass,Pass
trial-02-0001,,False,Pass,Pass,Pass,Pass,Pass
trial-02-0001,"{'field': '[""spec"", ""resources"", ""requests""]', 'testcase': 'object-deletion'}",True,Pass,Pass,Pass,"['spec', 'resources', 'requests', 'ACTOKEY']",Pass
trial-02-0001,"{'field': '', 'testcase': 'revert'}",False,Pass,Pass,Pass,Pass,Pass
trial-02-0001,"{'field': '[""spec"", ""ports"", 0, ""name""]', 'testcase': 'string-change'}",False,Pass,Pass,Pass,Pass,Pass
trial-02-0001,"{'field': '', 'testcase': 'revert'}",False,Pass,Pass,Pass,Pass,Pass
trial-02-0001,"{'field': '', 'testcase': 'revert'}",False,Pass,Pass,Pass,Pass,Pass
trial-02-0001,"{'field': '', 'testcase': 'revert'}",False,Pass,Pass,Pass,Pass,Pass
trial-02-0001,"{'field': '[""spec"", ""ports"", 0, ""name""]', 'testcase': 'string-deletion'}",False,Pass,Pass,Pass,Pass,Pass
trial-02-0001,"{'field': '[""spec"", ""hostNetwork""]', 'testcase': 'boolean-toggle-on'}",False,Pass,Pass,Pass,Pass,Pass
trial-02-0002,,False,Pass,Pass,Pass,Pass,Pass
trial-02-0003,"{'field': '[""spec"", ""ports""]', 'testcase': 'array-push'}",False,Pass,Pass,Pass,Pass,Pass
trial-02-0003,"{'field': '[""spec"", ""ports"", 0]', 'testcase': 'object-deletion'}",False,Pass,Pass,Pass,Pass,Pass
trial-02-0003,"{'field': '', 'testcase': 'revert'}",False,Pass,Pass,Pass,Pass,Pass
trial-02-0003,"{'field': '', 'testcase': 'revert'}",False,Pass,Pass,Pass,Pass,Pass
trial-02-0003,"{'field': '', 'testcase': 'revert'}",False,Pass,Pass,Pass,Pass,Pass
trial-02-0003,"{'field': '[""spec"", ""ports""]', 'testcase': 'array-deletion'}",False,Pass,Pass,Pass,Pass,Pass
trial-02-0003,"{'field': '', 'testcase': 'revert'}",False,Pass,Pass,Pass,Pass,Pass
trial-02-0003,,False,Pass,Pass,Pass,Pass,Pass
trial-02-0003,"{'field': '[""spec"", ""ports""]', 'testcase': 'array-pop'}",False,Pass,Pass,Pass,Pass,Pass
trial-02-0003,"{'field': '', 'testcase': 'revert'}",False,Pass,Pass,Pass,Pass,Pass
trial-02-0004,,False,Pass,Pass,Pass,Pass,Pass
trial-02-0004,"{'field': '', 'testcase': 'revert'}",False,Pass,Pass,Pass,Pass,Pass
trial-02-0004,"{'field': '[""spec"", ""envVars"", 0]', 'testcase': 'object-deletion'}",False,Pass,Pass,Pass,Pass,Pass
trial-02-0004,"{'field': '', 'testcase': 'revert'}",False,Pass,Pass,Pass,Pass,Pass
trial-02-0004,"{'field': '', 'testcase': 'revert'}",False,Pass,Pass,Pass,Pass,Pass
trial-02-0004,"{'field': '', 'testcase': 'revert'}",False,Pass,Pass,Pass,Pass,Pass
trial-02-0004,"{'field': '[""spec"", ""ports""]', 'testcase': 'array-empty'}",False,Pass,Pass,Pass,Pass,Pass
trial-02-0005,,False,Pass,Pass,Pass,Pass,Pass
trial-02-0006,"{'field': '[""spec"", ""tolerations""]', 'testcase': 'array-pop'}",False,Pass,Pass,Pass,Pass,Pass
trial-02-0006,,False,Pass,Pass,Pass,Pass,Pass
trial-02-0006,"{'field': '[""spec"", ""tolerations""]', 'testcase': 'array-deletion'}",False,Pass,Pass,Pass,Pass,Pass
trial-02-0006,"{'field': '[""spec"", ""tolerations""]', 'testcase': 'array-push'}",False,Pass,Pass,Pass,Pass,Pass
trial-02-0006,"{'field': '[""spec"", ""resources"", ""requests"", ""ACTOKEY""]', 'testcase': 'string-deletion'}",True,Pass,Pass,Pass,"['spec', 'resources', 'requests', 'ACTOKEY']",Pass
trial-02-0007,"{'field': '[""spec"", ""positionDB"", ""type""]', 'testcase': 'string-deletion'}",False,Pass,Pass,Pass,Pass,Pass
trial-02-0007,"{'field': '[""spec"", ""serviceSelector""]', 'testcase': 'object-deletion'}",False,Pass,Pass,Pass,Pass,Pass
trial-02-0007,"{'field': '[""spec"", ""serviceSelector""]', 'testcase': 'object-deletion'}",False,Pass,Pass,Pass,Pass,Pass
trial-02-0007,"{'field': '', 'testcase': 'revert'}",False,Pass,Pass,Pass,Pass,Pass
trial-02-0007,"{'field': '', 'testcase': 'revert'}",False,Pass,Pass,Pass,Pass,Pass
trial-02-0007,,False,Pass,Pass,Pass,Pass,Pass
trial-02-0007,"{'field': '[""spec"", ""resources"", ""requests"", ""ACTOKEY""]', 'testcase': 'string-change'}",True,Pass,Pass,Pass,"['spec', 'resources', 'requests', 'ACTOKEY']",Pass
trial-02-0007,"{'field': '', 'testcase': 'revert'}",False,Pass,Pass,Pass,Pass,Pass
trial-03-0000,"{'field': '[""spec"", ""volumeMounts"", 0, ""readOnly""]', 'testcase': 'boolean-toggle-on'}",False,Pass,Pass,Pass,Pass,Pass
trial-03-0000,"{'field': '', 'testcase': 'revert'}",False,Pass,Pass,Pass,Pass,Pass
trial-03-0000,"{'field': '[""spec"", ""serviceAccountAnnotations""]', 'testcase': 'object-deletion'}",False,Pass,Pass,Pass,Pass,Pass
trial-03-0000,"{'field': '[""spec"", ""serviceAccountAnnotations""]', 'testcase': 'object-deletion'}",False,Pass,Pass,Pass,Pass,Pass
trial-03-0000,"{'field': '', 'testcase': 'revert'}",False,Pass,Pass,Pass,Pass,Pass
trial-03-0000,"{'field': '[""spec"", ""volumeMounts"", 0, ""readOnly""]', 'testcase': 'boolean-toggle-off'}",False,Pass,Pass,Pass,Pass,Pass
trial-03-0000,"{'field': '[""spec"", ""resources"", ""requests""]', 'testcase': 'object-empty'}",False,Pass,Pass,Pass,Pass,Pass
trial-03-0000,"{'field': '', 'testcase': 'revert'}",False,Pass,Pass,Pass,Pass,Pass
trial-03-0000,"{'field': '[""spec"", ""volumeMounts"", 0, ""readOnly""]', 'testcase': 'boolean-deletion'}",False,Pass,Pass,Pass,Pass,Pass
trial-03-0000,,False,Pass,Pass,Pass,Pass,Pass
trial-03-0001,,False,Pass,Pass,Pass,Pass,Pass
trial-03-0001,"{'field': '[""spec"", ""args"", 0]', 'testcase': 'string-empty'}",False,Pass,Pass,Pass,Pass,Pass
trial-03-0001,"{'field': '', 'testcase': 'revert'}",False,Pass,Pass,Pass,Pass,Pass
trial-03-0001,"{'field': '[""spec"", ""args"", 0]', 'testcase': 'string-change'}",False,Pass,Pass,Pass,Pass,Pass
trial-03-0001,"{'field': '[""spec"", ""livenessProbe""]', 'testcase': 'object-deletion'}",False,Pass,Pass,Pass,Pass,Pass
trial-03-0001,"{'field': '[""spec"", ""args"", 0]', 'testcase': 'string-deletion'}",False,Pass,Pass,Pass,Pass,Pass
trial-03-0001,"{'field': '[""spec"", ""args"", 0]', 'testcase': 'string-deletion'}",False,Pass,Pass,Pass,Pass,Pass
trial-03-0002,"{'field': '[""spec"", ""command"", 0]', 'testcase': 'string-deletion'}",True,Pass,daemon_set: test-cluster desired_number_scheduled [4] number_ready [3],Pass,Pass,Pass
trial-03-0002,,False,Pass,Pass,Pass,Pass,Pass
trial-03-0003,,False,Pass,Pass,Pass,Pass,Pass
trial-03-0003,"{'field': '[""spec"", ""command"", 0]', 'testcase': 'string-change'}",True,Pass,daemon_set: test-cluster desired_number_scheduled [4] number_ready [3],Pass,Pass,Pass
trial-03-0004,,False,Pass,Pass,Pass,Pass,Pass
trial-03-0004,"{'field': '[""spec"", ""command"", 0]', 'testcase': 'string-empty'}",True,Pass,daemon_set: test-cluster desired_number_scheduled [4] number_ready [3],Pass,Pass,Pass
trial-03-0005,,False,Pass,Pass,Pass,Pass,Pass
trial-03-0005,"{'field': '', 'testcase': 'revert'}",False,Pass,Pass,Pass,Pass,Pass
trial-03-0005,"{'field': '[""spec"", ""ports"", 0, ""protocol""]', 'testcase': 'string-change'}",False,Pass,Pass,Pass,Pass,Pass
trial-03-0005,"{'field': '[""spec"", ""imagePullSecrets"", 0]', 'testcase': 'object-deletion'}",False,Pass,Pass,Pass,Pass,Pass
trial-03-0005,"{'field': '[""spec"", ""imagePullSecrets"", 0]', 'testcase': 'object-deletion'}",False,Pass,Pass,Pass,Pass,Pass
trial-03-0005,"{'field': '[""spec"", ""ports"", 0, ""protocol""]', 'testcase': 'string-empty'}",False,Pass,Pass,Pass,Pass,Pass
trial-03-0005,"{'field': '[""spec"", ""ports"", 0, ""protocol""]', 'testcase': 'string-deletion'}",False,Pass,Pass,Pass,Pass,Pass
trial-03-0005,"{'field': '', 'testcase': 'revert'}",False,Pass,Pass,Pass,Pass,Pass
trial-03-0005,"{'field': '[""spec"", ""resources"", ""claims"", 0]', 'testcase': 'object-deletion'}",False,Pass,Pass,Pass,Pass,Pass
trial-03-0005,"{'field': '', 'testcase': 'revert'}",False,Pass,Pass,Pass,Pass,Pass
trial-03-0005,"{'field': '', 'testcase': 'revert'}",False,Pass,Pass,Pass,Pass,Pass
trial-03-0006,"{'field': '', 'testcase': 'revert'}",False,Pass,Pass,Pass,Pass,Pass
trial-03-0006,,False,Pass,Pass,Pass,Pass,Pass
trial-03-0007,"{'field': '[""spec"", ""positionDB"", ""type""]', 'testcase': 'string-empty'}",True,Pass,daemon_set: test-cluster desired_number_scheduled [4] number_ready [3],Pass,Pass,Pass
trial-03-0007,"{'field': '[""spec"", ""positionDB"", ""type""]', 'testcase': 'string-change'}",False,Pass,Pass,Pass,Pass,Pass
trial-03-0007,,False,Pass,Pass,Pass,Pass,Pass
trial-03-0007,"{'field': '', 'testcase': 'revert'}",False,Pass,Pass,Pass,Pass,Pass
trial-03-0008,,False,Pass,Pass,Pass,Pass,Pass
trial-03-0008,"{'field': '[""spec"", ""volumeMounts"", 0, ""mountPropagation""]', 'testcase': 'string-deletion'}",False,Pass,Pass,Pass,Pass,Pass
trial-03-0008,"{'field': '', 'testcase': 'revert'}",False,Pass,Pass,Pass,Pass,Pass
trial-03-0008,"{'field': '', 'testcase': 'revert'}",False,Pass,Pass,Pass,Pass,Pass
trial-03-0008,"{'field': '[""spec"", ""tolerations"", 0]', 'testcase': 'object-empty'}",False,Pass,Pass,Pass,Pass,Pass
trial-03-0008,"{'field': '[""spec"", ""containerSecurityContext""]', 'testcase': 'object-empty'}",False,Pass,Pass,Pass,Pass,Pass
trial-03-0008,"{'field': '[""spec"", ""tolerations"", 0]', 'testcase': 'object-deletion'}",False,Pass,Pass,Pass,Pass,Pass
trial-03-0008,"{'field': '', 'testcase': 'revert'}",False,Pass,Pass,Pass,Pass,Pass
trial-03-0008,"{'field': '', 'testcase': 'revert'}",False,Pass,Pass,Pass,Pass,Pass
trial-03-0008,"{'field': '[""spec"", ""containerSecurityContext""]', 'testcase': 'object-deletion'}",False,Pass,Pass,Pass,Pass,Pass
trial-03-0009,"{'field': '', 'testcase': 'revert'}",False,Pass,Pass,Pass,Pass,Pass
trial-03-0009,,False,Pass,Pass,Pass,Pass,Pass
trial-03-0009,"{'field': '', 'testcase': 'revert'}",False,Pass,Pass,Pass,Pass,Pass
trial-03-0009,"{'field': '[""spec"", ""volumeMounts"", 0, ""mountPropagation""]', 'testcase': 'string-empty'}",False,Pass,Pass,Pass,Pass,Pass
trial-03-0009,"{'field': '[""spec"", ""volumeMounts"", 0, ""mountPropagation""]', 'testcase': 'string-change'}",False,Pass,Pass,Pass,Pass,Pass
trial-03-0009,"{'field': '[""spec"", ""affinity""]', 'testcase': 'object-deletion'}",True,Pass,daemon_set: test-cluster desired_number_scheduled [0] number_ready [0],Pass,Pass,Pass
trial-04-0000,"{'field': '[""spec"", ""imagePullSecrets""]', 'testcase': 'array-deletion'}",False,Pass,Pass,Pass,Pass,Pass
trial-04-0000,"{'field': '[""spec"", ""imagePullSecrets""]', 'testcase': 'array-deletion'}",False,Pass,Pass,Pass,Pass,Pass
trial-04-0000,,False,Pass,Pass,Pass,Pass,Pass
trial-04-0000,"{'field': '', 'testcase': 'revert'}",False,Pass,Pass,Pass,Pass,Pass
trial-04-0000,"{'field': '[""spec"", ""envVars""]', 'testcase': 'array-deletion'}",True,Pass,Pass,Pass,"['spec', 'envVars', 0, 'value']",Pass
trial-04-0000,"{'field': '[""spec"", ""envVars""]', 'testcase': 'array-deletion'}",False,Pass,Pass,Pass,Pass,Pass
trial-04-0000,"{'field': '[""spec"", ""imagePullSecrets""]', 'testcase': 'array-pop'}",False,Pass,Pass,Pass,Pass,Pass
trial-04-0000,"{'field': '[""spec"", ""imagePullSecrets""]', 'testcase': 'array-push'}",False,Pass,Pass,Pass,Pass,Pass
trial-04-0000,"{'field': '[""spec"", ""livenessProbe""]', 'testcase': 'object-empty'}",False,Pass,Pass,Pass,Pass,Pass
trial-04-0001,,False,Pass,Pass,Pass,Pass,Pass
trial-04-0001,"{'field': '[""spec"", ""envVars""]', 'testcase': 'array-pop'}",True,Pass,Pass,Pass,"['spec', 'envVars', 3, 'value']",Pass
trial-04-0001,"{'field': '[""spec"", ""envVars""]', 'testcase': 'array-push'}",False,Pass,Pass,Pass,Pass,Pass
trial-04-0001,"{'field': '[""spec"", ""envVars""]', 'testcase': 'array-push'}",False,Pass,Pass,Pass,Pass,Pass
trial-04-0002,,False,Pass,Pass,Pass,Pass,Pass
trial-04-0002,"{'field': '[""spec"", ""serviceLabels"", ""ACTOKEY""]', 'testcase': 'string-deletion'}",False,Pass,Pass,Pass,Pass,Pass
trial-04-0002,"{'field': '[""spec"", ""envVars""]', 'testcase': 'array-empty'}",False,Pass,Pass,Pass,Pass,Pass
trial-04-0002,"{'field': '[""spec"", ""serviceLabels"", ""ACTOKEY""]', 'testcase': 'string-deletion'}",False,Pass,Pass,Pass,Pass,Pass
trial-04-0003,,False,Pass,Pass,Pass,Pass,Pass
trial-04-0003,"{'field': '', 'testcase': 'revert'}",False,Pass,Pass,Pass,Pass,Pass
trial-04-0003,"{'field': '', 'testcase': 'revert'}",False,Pass,Pass,Pass,Pass,Pass
trial-04-0003,"{'field': '[""spec"", ""volumeMounts"", 0, ""name""]', 'testcase': 'string-change'}",False,Pass,Pass,Pass,Pass,Pass
trial-04-0003,"{'field': '', 'testcase': 'revert'}",False,Pass,Pass,Pass,Pass,Pass
trial-04-0003,"{'field': '[""spec"", ""volumeMounts"", 0]', 'testcase': 'object-deletion'}",False,Pass,Pass,Pass,Pass,Pass
trial-04-0003,"{'field': '[""spec"", ""volumeMounts"", 0, ""name""]', 'testcase': 'string-empty'}",False,Pass,Pass,Pass,Pass,Pass
trial-04-0003,"{'field': '', 'testcase': 'revert'}",False,Pass,Pass,Pass,Pass,Pass
trial-04-0003,"{'field': '[""spec"", ""volumeMounts"", 0, ""name""]', 'testcase': 'string-deletion'}",False,Pass,Pass,Pass,Pass,Pass
trial-04-0003,"{'field': '', 'testcase': 'revert'}",False,Pass,Pass,Pass,Pass,Pass
trial-04-0004,"{'field': '', 'testcase': 'revert'}",False,Pass,Pass,Pass,Pass,Pass
trial-04-0004,"{'field': '[""spec"", ""volumeMounts"", 0, ""mountPath""]', 'testcase': 'string-empty'}",False,Pass,Pass,Pass,Pass,Pass
trial-04-0004,"{'field': '', 'testcase': 'revert'}",False,Pass,Pass,Pass,Pass,Pass
trial-04-0004,,False,Pass,Pass,Pass,Pass,Pass
trial-04-0004,"{'field': '[""spec"", ""volumeMounts"", 0, ""mountPath""]', 'testcase': 'string-deletion'}",False,Pass,Pass,Pass,Pass,Pass
trial-04-0004,"{'field': '[""spec"", ""positionDB"", ""path""]', 'testcase': 'string-deletion'}",True,Pass,daemon_set: test-cluster desired_number_scheduled [4] number_ready [3],Pass,Pass,Pass
trial-04-0004,"{'field': '[""spec"", ""volumeMounts"", 0, ""mountPath""]', 'testcase': 'string-change'}",False,Pass,Pass,Pass,Pass,Pass
trial-04-0004,"{'field': '', 'testcase': 'revert'}",False,Pass,Pass,Pass,Pass,Pass
trial-04-0005,,False,Pass,Pass,Pass,Pass,Pass
trial-04-0005,"{'field': '[""spec"", ""positionDB"", ""path""]', 'testcase': 'string-change'}",True,Pass,daemon_set: test-cluster desired_number_scheduled [4] number_ready [3],Pass,Pass,Pass
trial-04-0006,,False,Pass,Pass,Pass,Pass,Pass
trial-04-0007,"{'field': '[""spec"", ""initContainers"", 0, ""resources"", ""requests"", ""memory""]', 'testcase': 'k8s-quantity_increase'}",False,Pass,Pass,Pass,Pass,Pass
trial-04-0007,"{'field': '', 'testcase': 'revert'}",False,Pass,Pass,Pass,Pass,Pass
trial-04-0007,"{'field': '', 'testcase': 'revert'}",True,Pass,daemon_set: test-cluster desired_number_scheduled [3] number_ready [0],Pass,Pass,Pass
trial-04-0007,"{'field': '[""spec"", ""livenessProbe""]', 'testcase': 'k8s-exec_probe'}",False,Pass,Pass,Pass,Pass,Pass
trial-04-0007,"{'field': '[""spec"", ""affinity""]', 'testcase': 'object-empty'}",False,Pass,Pass,Pass,Pass,Pass
trial-04-0007,"{'field': '[""spec"", ""tolerations""]', 'testcase': 'k8s-tolerations_pop'}",False,Pass,Pass,Pass,Pass,Pass
trial-04-0007,"{'field': '', 'testcase': 'revert'}",False,Pass,Pass,Pass,Pass,Pass
trial-04-0007,,False,Pass,Pass,Pass,Pass,Pass
trial-04-0007,"{'field': '[""spec"", ""livenessProbe""]', 'testcase': 'k8s-grpc_probe'}",False,Pass,Pass,Pass,Pass,Pass
trial-04-0008,"{'field': '', 'testcase': 'revert'}",False,Pass,Pass,Pass,Pass,Pass
trial-04-0008,"{'field': '[""spec"", ""initContainers"", 0, ""resources"", ""requests"", ""memory""]', 'testcase': 'k8s-quantity_decrease'}",False,Pass,Pass,Pass,Pass,Pass
trial-04-0008,"{'field': '[""spec"", ""initContainers"", 0, ""resources"", ""limits"", ""cpu""]', 'testcase': 'k8s-quantity_increase'}",False,Pass,Pass,Pass,Pass,Pass
trial-04-0008,,False,Pass,Pass,Pass,Pass,Pass
trial-04-0008,"{'field': '[""spec"", ""initContainers"", 0, ""resources"", ""limits"", ""cpu""]', 'testcase': 'k8s-quantity_decrease'}",False,Pass,Pass,Pass,Pass,Pass
trial-04-0008,"{'field': '', 'testcase': 'revert'}",False,Pass,Pass,Pass,Pass,Pass
trial-04-0008,"{'field': '', 'testcase': 'revert'}",False,Pass,Pass,Pass,Pass,Pass
trial-05-0000,"{'field': '[""spec"", ""serviceLabels"", ""ACTOKEY""]', 'testcase': 'string-change'}",False,Pass,Pass,Pass,Pass,Pass
trial-05-0000,"{'field': '[""spec"", ""serviceLabels"", ""ACTOKEY""]', 'testcase': 'string-change'}",False,Pass,Pass,Pass,Pass,Pass
trial-05-0000,,False,Pass,Pass,Pass,Pass,Pass
trial-05-0000,"{'field': '[""spec"", ""labels""]', 'testcase': 'object-deletion'}",False,Pass,Pass,Pass,Pass,Pass
trial-05-0000,"{'field': '[""spec"", ""serviceLabels"", ""ACTOKEY""]', 'testcase': 'string-empty'}",False,Pass,Pass,Pass,Pass,Pass
trial-05-0000,"{'field': '[""spec"", ""annotations""]', 'testcase': 'object-deletion'}",False,Pass,Pass,Pass,Pass,Pass
trial-05-0000,"{'field': '[""spec"", ""containerLogRealPath""]', 'testcase': 'string-deletion'}",True,Pass,daemon_set: test-cluster desired_number_scheduled [4] number_ready [3],Pass,Pass,Pass
trial-05-0000,"{'field': '[""spec"", ""annotations""]', 'testcase': 'object-deletion'}",False,Pass,Pass,Pass,Pass,Pass
trial-05-0000,"{'field': '[""spec"", ""labels""]', 'testcase': 'object-deletion'}",False,Pass,Pass,Pass,Pass,Pass
trial-05-0001,,False,Pass,Pass,Pass,Pass,Pass
trial-05-0001,"{'field': '[""spec"", ""containerLogRealPath""]', 'testcase': 'string-change'}",True,Pass,daemon_set: test-cluster desired_number_scheduled [4] number_ready [3],Pass,Pass,Pass
trial-05-0002,,False,Pass,Pass,Pass,Pass,Pass
trial-05-0002,"{'field': '[""spec"", ""initContainers""]', 'testcase': 'array-deletion'}",True,Pass,Pass,Pass,"['spec', 'initContainers', 0, 'env', 0, 'value']",Pass
trial-05-0002,"{'field': '[""spec"", ""initContainers""]', 'testcase': 'array-deletion'}",False,Pass,Pass,Pass,Pass,Pass
trial-05-0002,"{'field': '[""spec"", ""containerLogRealPath""]', 'testcase': 'string-empty'}",False,Pass,Pass,Pass,Pass,Pass
trial-05-0002,"{'field': '', 'testcase': 'revert'}",False,Pass,Pass,Pass,Pass,Pass
trial-05-0003,,False,Pass,Pass,Pass,Pass,Pass
trial-05-0004,"{'field': '[""spec"", ""imagePullPolicy""]', 'testcase': 'string-change'}",False,Pass,Pass,Pass,Pass,Pass
trial-05-0004,"{'field': '[""spec"", ""positionDB"", ""path""]', 'testcase': 'string-empty'}",False,Pass,Pass,Pass,Pass,Pass
trial-05-0004,"{'field': '[""spec"", ""serviceAnnotations""]', 'testcase': 'object-deletion'}",False,Pass,Pass,Pass,Pass,Pass
trial-05-0004,"{'field': '[""spec"", ""serviceAnnotations""]', 'testcase': 'object-deletion'}",False,Pass,Pass,Pass,Pass,Pass
trial-05-0004,"{'field': '[""spec"", ""imagePullPolicy""]', 'testcase': 'string-empty'}",False,Pass,Pass,Pass,Pass,Pass
trial-05-0004,"{'field': '', 'testcase': 'revert'}",False,Pass,Pass,Pass,Pass,Pass
trial-05-0004,"{'field': '', 'testcase': 'revert'}",False,Pass,Pass,Pass,Pass,Pass
trial-05-0004,"{'field': '', 'testcase': 'revert'}",False,Pass,Pass,Pass,Pass,Pass
trial-05-0004,,False,Pass,Pass,Pass,Pass,Pass
trial-05-0004,"{'field': '[""spec"", ""imagePullPolicy""]', 'testcase': 'string-deletion'}",False,Pass,Pass,Pass,Pass,Pass
trial-05-0005,"{'field': '[""spec"", ""args""]', 'testcase': 'array-deletion'}",False,Pass,Pass,Pass,Pass,Pass
trial-05-0005,"{'field': '[""spec"", ""args""]', 'testcase': 'array-deletion'}",False,Pass,Pass,Pass,Pass,Pass
trial-05-0005,,False,Pass,Pass,Pass,Pass,Pass
trial-05-0005,"{'field': '[""spec"", ""args""]', 'testcase': 'array-pop'}",False,Pass,Pass,Pass,Pass,Pass
trial-05-0005,"{'field': '[""spec"", ""args""]', 'testcase': 'array-push'}",False,Pass,Pass,Pass,Pass,Pass
trial-05-0006,"{'field': '[""spec"", ""securityContext""]', 'testcase': 'k8s-bad_security_context'}",False,Pass,Pass,Pass,Pass,Pass
trial-05-0006,"{'field': '[""spec"", ""initContainers"", 0, ""resources"", ""requests"", ""cpu""]', 'testcase': 'k8s-quantity_increase'}",False,Pass,Pass,Pass,Pass,Pass
trial-05-0006,"{'field': '[""spec"", ""securityContext""]', 'testcase': 'k8s-root_security_context'}",False,Pass,Pass,Pass,Pass,Pass
trial-05-0006,,False,Pass,Pass,Pass,Pass,Pass
trial-05-0006,"{'field': '[""spec"", ""securityContext""]', 'testcase': 'k8s-normal_security_context'}",False,Pass,Pass,Pass,Pass,Pass
trial-05-0006,"{'field': '[""spec"", ""initContainers"", 0, ""resources""]', 'testcase': 'k8s-invalid_compute_resource'}",False,Pass,Pass,Pass,Pass,Pass
trial-05-0006,"{'field': '', 'testcase': 'revert'}",False,Pass,Pass,Pass,Pass,Pass
trial-05-0006,"{'field': '[""spec"", ""tolerations"", 0]', 'testcase': 'k8s-control_plane_toleration'}",False,Pass,Pass,Pass,Pass,Pass
trial-05-0006,"{'field': '[""spec"", ""tolerations"", 0]', 'testcase': 'k8s-plain_toleration'}",False,Pass,Pass,Pass,Pass,Pass
trial-05-0006,"{'field': '', 'testcase': 'revert'}",False,Pass,Pass,Pass,Pass,Pass
trial-05-0007,"{'field': '[""spec"", ""initContainers"", 0, ""resources"", ""requests"", ""cpu""]', 'testcase': 'k8s-quantity_decrease'}",False,Pass,Pass,Pass,Pass,Pass
trial-05-0007,,False,Pass,Pass,Pass,Pass,Pass
trial-05-0007,"{'field': '', 'testcase': 'revert'}",False,Pass,Pass,Pass,Pass,Pass
trial-05-0007,"{'field': '[""spec"", ""initContainers"", 0, ""resources"", ""limits"", ""rnzycisdqc""]', 'testcase': 'k8s-quantity_increase'}",False,Pass,Pass,Pass,Pass,Pass
trial-05-0007,"{'field': '', 'testcase': 'revert'}",False,Pass,Pass,Pass,Pass,Pass
trial-05-0007,"{'field': '', 'testcase': 'revert'}",False,Pass,Pass,Pass,Pass,Pass
trial-05-0007,"{'field': '[""spec"", ""initContainers"", 0, ""resources"", ""limits"", ""rnzycisdqc""]', 'testcase': 'k8s-quantity_decrease'}",False,Pass,Pass,Pass,Pass,Pass
trial-06-0000,"{'field': '[""spec"", ""initContainers""]', 'testcase': 'array-pop'}",True,Pass,Pass,Pass,"['spec', 'initContainers', 3, 'env', 0, 'value']",Pass
trial-06-0000,,False,Pass,Pass,Pass,Pass,Pass
trial-06-0000,"{'field': '[""spec"", ""initContainers""]', 'testcase': 'array-push'}",False,Pass,Pass,Pass,Pass,Pass
trial-06-0000,"{'field': '[""spec"", ""initContainers""]', 'testcase': 'array-push'}",False,Pass,Pass,Pass,Pass,Pass
trial-06-0001,,False,Pass,Pass,Pass,Pass,Pass
trial-06-0001,"{'field': '[""spec"", ""schedulerName""]', 'testcase': 'string-deletion'}",True,Pass,daemon_set: test-cluster desired_number_scheduled [4] number_ready [3],Pass,Pass,Pass
trial-06-0001,"{'field': '[""spec"", ""initContainers""]', 'testcase': 'array-empty'}",False,Pass,Pass,Pass,Pass,Pass
trial-06-0002,,False,Pass,Pass,Pass,Pass,Pass
trial-06-0002,"{'field': '[""spec"", ""schedulerName""]', 'testcase': 'string-change'}",True,Pass,daemon_set: test-cluster desired_number_scheduled [4] number_ready [3],Pass,Pass,Pass
trial-06-0003,"{'field': '[""spec"", ""serviceLabels""]', 'testcase': 'object-deletion'}",False,Pass,Pass,Pass,Pass,Pass
trial-06-0003,"{'field': '[""spec"", ""annotations"", ""ACTOKEY""]', 'testcase': 'string-change'}",False,Pass,Pass,Pass,Pass,Pass
trial-06-0003,"{'field': '', 'testcase': 'revert'}",False,Pass,Pass,Pass,Pass,Pass
trial-06-0003,"{'field': '[""spec"", ""annotations"", ""ACTOKEY""]', 'testcase': 'string-deletion'}",False,Pass,Pass,Pass,Pass,Pass
trial-06-0003,"{'field': '[""spec"", ""annotations"", ""ACTOKEY""]', 'testcase': 'string-deletion'}",False,Pass,Pass,Pass,Pass,Pass
trial-06-0003,"{'field': '[""spec"", ""serviceLabels""]', 'testcase': 'object-deletion'}",False,Pass,Pass,Pass,Pass,Pass
trial-06-0003,,False,Pass,Pass,Pass,Pass,Pass
trial-06-0004,"{'field': '[""spec"", ""labels"", ""ACTOKEY""]', 'testcase': 'string-deletion'}",False,Pass,Pass,Pass,Pass,Pass
trial-06-0004,"{'field': '[""spec"", ""labels"", ""ACTOKEY""]', 'testcase': 'string-change'}",False,Pass,Pass,Pass,Pass,Pass
trial-06-0004,"{'field': '[""spec"", ""labels"", ""ACTOKEY""]', 'testcase': 'string-empty'}",False,Pass,Pass,Pass,Pass,Pass
trial-06-0004,"{'field': '[""spec"", ""ports"", 0, ""hostIP""]', 'testcase': 'string-empty'}",False,Pass,Pass,Pass,Pass,Pass
trial-06-0004,"{'field': '[""spec"", ""ports"", 0, ""hostIP""]', 'testcase': 'string-change'}",False,Pass,Pass,Pass,Pass,Pass
trial-06-0004,"{'field': '', 'testcase': 'revert'}",False,Pass,Pass,Pass,Pass,Pass
trial-06-0004,"{'field': '[""spec"", ""labels"", ""ACTOKEY""]', 'testcase': 'string-deletion'}",False,Pass,Pass,Pass,Pass,Pass
trial-06-0004,"{'field': '', 'testcase': 'revert'}",False,Pass,Pass,Pass,Pass,Pass
trial-06-0004,"{'field': '[""spec"", ""ports"", 0, ""hostIP""]', 'testcase': 'string-deletion'}",False,Pass,Pass,Pass,Pass,Pass
trial-06-0004,"{'field': '', 'testcase': 'revert'}",False,Pass,Pass,Pass,Pass,Pass
trial-06-0004,,False,Pass,Pass,Pass,Pass,Pass
trial-06-0005,"{'field': '', 'testcase': 'revert'}",False,Pass,Pass,Pass,Pass,Pass
trial-06-0005,,False,Pass,Pass,Pass,Pass,Pass
trial-06-0005,"{'field': '[""spec"", ""resources"", ""limits"", ""ACTOKEY""]', 'testcase': 'string-change'}",True,Pass,Pass,Pass,"['spec', 'resources', 'limits', 'ACTOKEY']",Pass
trial-06-0005,"{'field': '[""spec"", ""runtimeClassName""]', 'testcase': 'string-deletion'}",True,Pass,daemon_set: test-cluster desired_number_scheduled [4] number_ready [3],Pass,Pass,Pass
trial-06-0005,"{'field': '[""spec"", ""resources"", ""limits"", ""ACTOKEY""]', 'testcase': 'string-deletion'}",True,Pass,Pass,Pass,"['spec', 'resources', 'limits', 'ACTOKEY']",Pass
trial-06-0005,"{'field': '', 'testcase': 'revert'}",False,Pass,Pass,Pass,Pass,Pass
trial-06-0005,"{'field': '', 'testcase': 'revert'}",False,Pass,Pass,Pass,Pass,Pass
trial-06-0006,,False,Pass,Pass,Pass,Pass,Pass
trial-06-0007,"{'field': '[""spec"", ""initContainers"", 0, ""resources"", ""requests"", ""xolfixlrgg""]', 'testcase': 'k8s-quantity_decrease'}",False,Pass,Pass,Pass,Pass,Pass
trial-06-0007,"{'field': '[""spec"", ""initContainers"", 0, ""resources"", ""requests"", ""xolfixlrgg""]', 'testcase': 'k8s-quantity_increase'}",False,Pass,Pass,Pass,Pass,Pass
trial-06-0007,"{'field': '', 'testcase': 'revert'}",False,Pass,Pass,Pass,Pass,Pass
trial-06-0007,"{'field': '', 'testcase': 'revert'}",False,Pass,Pass,Pass,Pass,Pass
trial-06-0007,,False,Pass,Pass,Pass,Pass,Pass
trial-06-0007,"{'field': '[""spec"", ""initContainers"", 0, ""resources"", ""limits"", ""memory""]', 'testcase': 'k8s-quantity_decrease'}",False,Pass,Pass,Pass,Pass,Pass
trial-06-0007,"{'field': '', 'testcase': 'revert'}",False,Pass,Pass,Pass,Pass,Pass
trial-06-0007,"{'field': '', 'testcase': 'revert'}",False,Pass,Pass,Pass,Pass,Pass
trial-06-0007,"{'field': '', 'testcase': 'revert'}",False,Pass,Pass,Pass,Pass,Pass
trial-06-0007,"{'field': '[""spec"", ""initContainers"", 0, ""resources"", ""limits"", ""memory""]', 'testcase': 'k8s-quantity_increase'}",False,Pass,Pass,Pass,Pass,Pass
trial-06-0008,"{'field': '[""spec"", ""readinessProbe""]', 'testcase': 'k8s-grpc_probe'}",True,Pass,daemon_set: test-cluster desired_number_scheduled [4] number_ready [3],Pass,Pass,Pass
trial-06-0008,"{'field': '', 'testcase': 'revert'}",False,Pass,Pass,Pass,Pass,Pass
trial-06-0008,,False,Pass,Pass,Pass,Pass,Pass
trial-06-0009,"{'field': '[""spec"", ""readinessProbe""]', 'testcase': 'k8s-exec_probe'}",True,Pass,daemon_set: test-cluster desired_number_scheduled [4] number_ready [3],Pass,Pass,Pass
trial-06-0009,,False,Pass,Pass,Pass,Pass,Pass
trial-06-0010,"{'field': '', 'testcase': 'revert'}",False,Pass,Pass,Pass,Pass,Pass
trial-06-0010,"{'field': '', 'testcase': 'revert'}",False,Pass,Pass,Pass,Pass,Pass
trial-06-0010,,False,Pass,Pass,Pass,Pass,Pass
trial-07-0000,"{'field': '[""spec"", ""annotations"", ""ACTOKEY""]', 'testcase': 'string-empty'}",False,Pass,Pass,Pass,Pass,Pass
trial-07-0000,"{'field': '[""spec"", ""nodeSelector"", ""ACTOKEY""]', 'testcase': 'string-deletion'}",True,Pass,daemon_set: test-cluster desired_number_scheduled [0] number_ready [0],Pass,Pass,Pass
trial-07-0000,,False,Pass,Pass,Pass,Pass,Pass
trial-07-0001,,False,Pass,Pass,Pass,Pass,Pass
trial-07-0001,"{'field': '[""spec"", ""nodeSelector"", ""ACTOKEY""]', 'testcase': 'string-change'}",True,Pass,daemon_set: test-cluster desired_number_scheduled [0] number_ready [0],Pass,Pass,Pass
trial-07-0002,,False,Pass,Pass,Pass,Pass,Pass
trial-07-0002,"{'field': '[""spec"", ""nodeSelector"", ""ACTOKEY""]', 'testcase': 'string-empty'}",True,Pass,daemon_set: test-cluster desired_number_scheduled [0] number_ready [0],Pass,Pass,Pass
trial-07-0003,"{'field': '[""spec"", ""ports"", 0, ""hostPort""]', 'testcase': 'number-change'}",False,Pass,Pass,Pass,Pass,Pass
trial-07-0003,"{'field': '[""spec"", ""serviceAnnotations"", ""ACTOKEY""]', 'testcase': 'string-deletion'}",False,Pass,Pass,Pass,Pass,Pass
trial-07-0003,"{'field': '[""spec"", ""serviceAnnotations"", ""ACTOKEY""]', 'testcase': 'string-deletion'}",False,Pass,Pass,Pass,Pass,Pass
trial-07-0003,"{'field': '[""spec"", ""serviceAnnotations"", ""ACTOKEY""]', 'testcase': 'string-change'}",False,Pass,Pass,Pass,Pass,Pass
trial-07-0003,"{'field': '[""spec"", ""ports"", 0, ""hostPort""]', 'testcase': 'number-deletion'}",False,Pass,Pass,Pass,Pass,Pass
trial-07-0003,"{'field': '', 'testcase': 'revert'}",False,Pass,Pass,Pass,Pass,Pass
trial-07-0003,"{'field': '[""spec"", ""serviceAnnotations"", ""ACTOKEY""]', 'testcase': 'string-empty'}",False,Pass,Pass,Pass,Pass,Pass
trial-07-0003,"{'field': '[""spec"", ""resources"", ""limits""]', 'testcase': 'object-deletion'}",True,Pass,Pass,Pass,"['spec', 'resources', 'limits', 'ACTOKEY']",Pass
trial-07-0003,"{'field': '', 'testcase': 'revert'}",False,Pass,Pass,Pass,Pass,Pass
trial-07-0003,"{'field': '', 'testcase': 'revert'}",False,Pass,Pass,Pass,Pass,Pass
trial-07-0003,,False,Pass,Pass,Pass,Pass,Pass
trial-07-0004,,False,Pass,Pass,Pass,Pass,Pass
trial-07-0005,"{'field': '[""spec"", ""runtimeClassName""]', 'testcase': 'string-change'}",True,Pass,daemon_set: test-cluster desired_number_scheduled [4] number_ready [3],Pass,Pass,Pass
trial-07-0005,,False,Pass,Pass,Pass,Pass,Pass
trial-07-0006,"{'field': '[""spec"", ""resources"", ""claims"", 0, ""name""]', 'testcase': 'string-deletion'}",False,Pass,Pass,Pass,Pass,Pass
trial-07-0006,"{'field': '[""spec"", ""disableLogVolumes""]', 'testcase': 'boolean-toggle-off'}",False,Pass,Pass,Pass,Pass,Pass
trial-07-0006,,False,Pass,Pass,Pass,Pass,Pass
trial-07-0006,"{'field': '[""spec"", ""disableLogVolumes""]', 'testcase': 'boolean-toggle-off'}",False,Pass,Pass,Pass,Pass,Pass
trial-07-0006,"{'field': '', 'testcase': 'revert'}",False,Pass,Pass,Pass,Pass,Pass
trial-07-0006,"{'field': '[""spec"", ""disableLogVolumes""]', 'testcase': 'boolean-toggle-on'}",False,Pass,Pass,Pass,Pass,Pass
trial-07-0006,"{'field': '[""spec"", ""disableLogVolumes""]', 'testcase': 'boolean-deletion'}",False,Pass,Pass,Pass,Pass,Pass
trial-07-0006,"{'field': '[""spec"", ""disableLogVolumes""]', 'testcase': 'boolean-deletion'}",False,Pass,Pass,Pass,Pass,Pass
trial-07-0006,"{'field': '[""spec"", ""resources"", ""claims"", 0, ""name""]', 'testcase': 'string-deletion'}",False,Pass,Pass,Pass,Pass,Pass
trial-07-0007,"{'field': '[""spec"", ""nodeSelector""]', 'testcase': 'object-deletion'}",True,Pass,daemon_set: test-cluster desired_number_scheduled [0] number_ready [0],Pass,Pass,Pass
trial-07-0007,,False,Pass,Pass,Pass,Pass,Pass
trial-07-0007,"{'field': '[""spec"", ""resources"", ""claims"", 0, ""name""]', 'testcase': 'string-change'}",False,Pass,Pass,Pass,Pass,Pass
trial-07-0007,"{'field': '[""spec"", ""resources"", ""claims"", 0, ""name""]', 'testcase': 'string-change'}",False,Pass,Pass,Pass,Pass,Pass
trial-07-0007,"{'field': '[""spec"", ""resources"", ""claims"", 0, ""name""]', 'testcase': 'string-empty'}",False,Pass,Pass,Pass,Pass,Pass
trial-07-0008,"{'field': '[""spec"", ""nodeSelector""]', 'testcase': 'object-empty'}",False,Pass,Pass,Pass,Pass,Pass
trial-07-0008,,False,Pass,Pass,Pass,Pass,Pass
trial-07-0009,"{'field': '[""spec"", ""initContainers"", 0]', 'testcase': 'k8s-container_invalid_name'}",False,Pass,Pass,Pass,Pass,Pass
trial-07-0009,"{'field': '', 'testcase': 'revert'}",False,Pass,Pass,Pass,Pass,Pass
trial-07-0009,"{'field': '', 'testcase': 'revert'}",False,Pass,Pass,Pass,Pass,Pass
trial-07-0009,"{'field': '', 'testcase': 'revert'}",False,Pass,Pass,Pass,Pass,Pass
trial-07-0009,"{'field': '[""spec"", ""initContainers"", 0, ""livenessProbe""]', 'testcase': 'k8s-grpc_probe'}",False,Pass,Pass,Pass,Pass,Pass
trial-07-0009,"{'field': '[""spec"", ""affinity""]', 'testcase': 'k8s-all_on_one_node'}",True,Pass,daemon_set: test-cluster desired_number_scheduled [4] number_ready [3],Pass,Pass,Pass
trial-07-0009,,False,Pass,Pass,Pass,Pass,Pass
trial-07-0009,"{'field': '[""spec"", ""initContainers"", 0, ""livenessProbe""]', 'testcase': 'k8s-exec_probe'}",False,Pass,Pass,Pass,Pass,Pass
trial-07-0010,,False,Pass,Pass,Pass,Pass,Pass
trial-07-0010,"{'field': '[""spec"", ""affinity""]', 'testcase': 'k8s-invalid_affinity'}",True,Pass,daemon_set: test-cluster desired_number_scheduled [0] number_ready [0],Pass,Pass,Pass
trial-07-0010,"{'field': '[""spec"", ""affinity""]', 'testcase': 'k8s-all_on_different_nodes'}",False,Pass,Pass,Pass,Pass,Pass
trial-07-0011,"{'field': '[""spec"", ""affinity""]', 'testcase': 'k8s-null_affinity'}",False,Pass,Pass,Pass,Pass,Pass
trial-07-0011,"{'field': '[""spec"", ""affinity""]', 'testcase': 'k8s-null_affinity'}",False,Pass,Pass,Pass,Pass,Pass
trial-07-0011,,False,Pass,Pass,Pass,Pass,Pass
